{
  "name": "azure-c-shared-utility",
  "version-date": "2021-09-09",
  "description": "Azure C SDKs common code",
  "homepage": "https://github.com/Azure/azure-c-shared-utility",
  "supports": "!uwp",
  "dependencies": [
    "azure-macro-utils-c",
    {
      "name": "curl",
      "platform": "linux"
    },
    {
      "name": "openssl",
      "platform": "linux"
    },
    "umock-c"
  ],
  "features": {
    "public-preview": {
      "description": "Azure C SDKs common code (public preview)",
      "dependencies": [
        {
          "name": "azure-macro-utils-c",
          "features": [
            "public-preview"
          ]
        },
        {
          "name": "curl",
          "platform": "linux"
        },
        {
          "name": "openssl",
          "platform": "linux"
        },
        {
          "name": "umock-c",
          "features": [
            "public-preview"
          ]
        }
      ]
    }
  }
}
