{
  "name": "boost-python",
  "version": "1.77.0",
  "port-version": 1,
  "description": "Boost python module",
  "homepage": "https://github.com/boostorg/python",
  "supports": "!uwp & !(arm & windows) & !emscripten",
  "dependencies": [
    "boost-align",
    "boost-bind",
    {
      "name": "boost-build",
      "host": true
    },
    "boost-config",
    "boost-conversion",
    "boost-core",
    "boost-detail",
    "boost-foreach",
    "boost-function",
    "boost-graph",
    "boost-integer",
    "boost-iterator",
    "boost-lexical-cast",
    {
      "name": "boost-modular-build-helper",
      "host": true
    },
    "boost-mpl",
    "boost-numeric-conversion",
    "boost-preprocessor",
    "boost-property-map",
    "boost-smart-ptr",
    "boost-static-assert",
    "boost-tuple",
    "boost-type-traits",
    "boost-utility",
    "boost-vcpkg-helpers",
    {
      "name": "vcpkg-cmake",
      "host": true
    }
  ],
  "default-features": [
    "python3"
  ],
  "features": {
    "python2": {
      "description": "Build with Python2 support",
      "dependencies": [
        "python2"
      ]
    },
    "python3": {
      "description": "Build with Python3 support",
      "dependencies": [
        "python3"
      ]
    }
  }
}
