{
  "name": "boost-multi-index",
  "version": "1.77.0",
  "description": "Boost multi_index module",
  "homepage": "https://github.com/boostorg/multi_index",
  "dependencies": [
    "boost-assert",
    "boost-bind",
    "boost-config",
    "boost-container-hash",
    "boost-core",
    "boost-foreach",
    "boost-integer",
    "boost-iterator",
    "boost-move",
    "boost-mpl",
    "boost-preprocessor",
    "boost-serialization",
    "boost-smart-ptr",
    "boost-static-assert",
    "boost-throw-exception",
    "boost-tuple",
    "boost-type-traits",
    "boost-utility",
    "boost-vcpkg-helpers"
  ]
}
