{
  "name": "aws-c-auth",
  "version": "0.6.3",
  "description": "C99 library implementation of AWS client-side authentication: standard credentials providers and signing.",
  "homepage": "https://github.com/awslabs/aws-c-auth",
  "supports": "!arm & !uwp",
  "dependencies": [
    "aws-c-common",
    "aws-c-http",
    {
      "name": "s2n",
      "platform": "!uwp & !windows"
    },
    {
      "name": "vcpkg-cmake",
      "host": true
    },
    {
      "name": "vcpkg-cmake-config",
      "host": true
    }
  ]
}
