{
  "name": "capnproto",
  "version": "0.9.1",
  "port-version": 1,
  "description": "Data interchange format and capability-based RPC system",
  "homepage": "https://capnproto.org/",
  "supports": "!uwp & !((arm | arm64) & windows)",
  "dependencies": [
    {
      "name": "vcpkg-cmake",
      "host": true
    },
    {
      "name": "vcpkg-cmake-config",
      "host": true
    },
    "zlib"
  ],
  "features": {
    "openssl": {
      "description": "Build libkj-tls by linking against OpenSSL.",
      "dependencies": [
        "openssl"
      ]
    }
  }
}
