{
  "name": "asio-grpc",
  "version": "1.1.2",
  "description": "Asynchronous gRPC with Boost.Asio executors",
  "homepage": "https://github.com/Tradias/asio-grpc",
  "dependencies": [
    "boost-asio",
    "boost-core",
    "boost-intrusive",
    "boost-lockfree",
    "grpc",
    {
      "name": "vcpkg-cmake",
      "host": true
    },
    {
      "name": "vcpkg-cmake-config",
      "host": true
    }
  ],
  "features": {
    "boost-container": {
      "description": "Use Boost.Container instead of <memory_resource>",
      "dependencies": [
        "boost-container"
      ]
    }
  }
}
